{"cameraMode":{"drawMode":0,"name":"Shaded","section":"Shading Mode"},"sceneLighting":true,"audioPlay":false,"sceneViewState":{"m_AlwaysRefresh":false,"showFog":true,"showSkybox":true,"showFlares":true,"showImageEffects":true,"showParticleSystems":true,"showVisualEffectGraphs":true,"m_FxEnabled":true},"in2DMode":false,"pivot":{"x":20.70992660522461,"y":2.829155683517456,"z":-1.6922681331634522},"rotation":{"x":0.22340072691440583,"y":-0.07903393357992172,"z":0.013511189259588719,"w":0.9716532230377197},"size":0.2705690264701843,"orthographic":false}